{"count":1,"self":111.24192,"total":112.55918849999999,"children":{"InitializeActuators":{"count":1,"self":0.0029996,"total":0.0029996,"children":null},"InitializeSensors":{"count":1,"self":0.0030015999999999997,"total":0.0030015999999999997,"children":null},"AgentSendState":{"count":5291,"self":0.13917939999999998,"total":0.16342189999999998,"children":{"CollectObservations":{"count":1059,"self":0.0019987,"total":0.0019987,"children":null},"WriteActionMask":{"count":1059,"self":0.0015084999999999999,"total":0.0015084999999999999,"children":null},"RequestDecision":{"count":1059,"self":0.020735299999999998,"total":0.020735299999999998,"children":null}}},"DecideAction":{"count":5291,"self":0.71680179999999993,"total":0.727942,"children":{"RayPerceptionSensor.Perceive":{"count":1059,"self":0.0111402,"total":0.0111402,"children":null}}},"AgentAct":{"count":5291,"self":0.41879629999999995,"total":0.41879629999999995,"children":null}},"gauges":{"CarAgent.CumulativeReward":{"count":1,"max":-20.09998,"min":-20.09998,"runningAverage":-20.09998,"value":-20.09998,"weightedAverage":-20.09998}},"metadata":{"timer_format_version":"0.1.0","start_time_seconds":"1686847003","unity_version":"2021.3.24f1","command_line_arguments":"C:\\Program Files\\Unity\\Hub\\Editor\\2021.3.24f1\\Editor\\Unity.exe -projectpath C:\\Users\\saulb\\Desktop\\2ITSOF1\\sem2\\VR Experience\\project -useHub -hubIPC -cloudEnvironment production -licensingIpc LicenseClient-saulb -hubSessionId 586ca830-0b71-11ee-af89-3b57ff63397d -accessToken E-UlxVAmymOR0p5ZHmhqGTYhUSQSIXMF60DLLgQtDRI001f","communication_protocol_version":"1.5.0","com.unity.ml-agents_version":"2.0.1","scene_name":"Track - 1","end_time_seconds":"1686847115"}}
