{
    "name": "root",
    "gauges": {
        "CarAgent.Policy.Entropy.mean": {
            "value": -0.051908981055021286,
            "min": -0.051908981055021286,
            "max": 1.4212446212768555,
            "count": 500
        },
        "CarAgent.Policy.Entropy.sum": {
            "value": -106.3095932006836,
            "min": -106.3095932006836,
            "max": 2905.985595703125,
            "count": 500
        },
        "CarAgent.Step.mean": {
            "value": 999991.0,
            "min": 1984.0,
            "max": 999991.0,
            "count": 500
        },
        "CarAgent.Step.sum": {
            "value": 999991.0,
            "min": 1984.0,
            "max": 999991.0,
            "count": 500
        },
        "CarAgent.Policy.ExtrinsicValueEstimate.mean": {
            "value": -0.2247115671634674,
            "min": -222.02500915527344,
            "max": 0.945041835308075,
            "count": 500
        },
        "CarAgent.Policy.ExtrinsicValueEstimate.sum": {
            "value": -7.190770149230957,
            "min": -6882.775390625,
            "max": 30.2413387298584,
            "count": 500
        },
        "CarAgent.Policy.GailValueEstimate.mean": {
            "value": 3.5245254039764404,
            "min": -35.526885986328125,
            "max": 35.26670837402344,
            "count": 500
        },
        "CarAgent.Policy.GailValueEstimate.sum": {
            "value": 112.7848129272461,
            "min": -1101.33349609375,
            "max": 1093.2679443359375,
            "count": 500
        },
        "CarAgent.IsTraining.mean": {
            "value": 1.0,
            "min": 1.0,
            "max": 1.0,
            "count": 500
        },
        "CarAgent.IsTraining.sum": {
            "value": 1.0,
            "min": 1.0,
            "max": 1.0,
            "count": 500
        },
        "CarAgent.Losses.PolicyLoss.mean": {
            "value": 0.06390824312499414,
            "min": 0.04674593267676149,
            "max": 0.2625227163080126,
            "count": 487
        },
        "CarAgent.Losses.PolicyLoss.sum": {
            "value": 0.06390824312499414,
            "min": 0.04674593267676149,
            "max": 0.2625227163080126,
            "count": 487
        },
        "CarAgent.Losses.ValueLoss.mean": {
            "value": 2.3145470147331557,
            "min": 0.006120106346012714,
            "max": 362.5432694753011,
            "count": 487
        },
        "CarAgent.Losses.ValueLoss.sum": {
            "value": 2.3145470147331557,
            "min": 0.006120106346012714,
            "max": 362.5432694753011,
            "count": 487
        },
        "CarAgent.Policy.LearningRate.mean": {
            "value": 3.0999989669998516e-07,
            "min": 3.0999989669998516e-07,
            "max": 0.00029938560020479997,
            "count": 487
        },
        "CarAgent.Policy.LearningRate.sum": {
            "value": 3.0999989669998516e-07,
            "min": 3.0999989669998516e-07,
            "max": 0.00029938560020479997,
            "count": 487
        },
        "CarAgent.Policy.Epsilon.mean": {
            "value": 0.1001033,
            "min": 0.1001033,
            "max": 0.19979520000000003,
            "count": 487
        },
        "CarAgent.Policy.Epsilon.sum": {
            "value": 0.1001033,
            "min": 0.1001033,
            "max": 0.19979520000000003,
            "count": 487
        },
        "CarAgent.Policy.Beta.mean": {
            "value": 0.0005,
            "min": 0.0005,
            "max": 0.0005,
            "count": 487
        },
        "CarAgent.Policy.Beta.sum": {
            "value": 0.0005,
            "min": 0.0005,
            "max": 0.0005,
            "count": 487
        },
        "CarAgent.Policy.GAILPolicyEstimate.mean": {
            "value": 0.1674695935410758,
            "min": 0.06785915411698322,
            "max": 0.43424876371098736,
            "count": 487
        },
        "CarAgent.Policy.GAILPolicyEstimate.sum": {
            "value": 0.1674695935410758,
            "min": 0.06785915411698322,
            "max": 0.43424876371098736,
            "count": 487
        },
        "CarAgent.Policy.GAILExpertEstimate.mean": {
            "value": 0.8289849286278089,
            "min": 0.5419842378999723,
            "max": 0.9096280870338281,
            "count": 487
        },
        "CarAgent.Policy.GAILExpertEstimate.sum": {
            "value": 0.8289849286278089,
            "min": 0.5419842378999723,
            "max": 0.9096280870338281,
            "count": 487
        },
        "CarAgent.Losses.GAILLoss.mean": {
            "value": 0.40616502116123837,
            "min": 0.16860349165896574,
            "max": 1.929979349176089,
            "count": 487
        },
        "CarAgent.Losses.GAILLoss.sum": {
            "value": 0.40616502116123837,
            "min": 0.16860349165896574,
            "max": 1.929979349176089,
            "count": 487
        },
        "CarAgent.Policy.GAILGradMagLoss.mean": {
            "value": 0.24353877237687507,
            "min": 0.1491723987273872,
            "max": 9.513775904973349,
            "count": 487
        },
        "CarAgent.Policy.GAILGradMagLoss.sum": {
            "value": 0.24353877237687507,
            "min": 0.1491723987273872,
            "max": 9.513775904973349,
            "count": 487
        },
        "CarAgent.Losses.PretrainingLoss.mean": {
            "value": 0.13366142136079293,
            "min": 0.13336614767710367,
            "max": 78.75204027582097,
            "count": 487
        },
        "CarAgent.Losses.PretrainingLoss.sum": {
            "value": 0.13366142136079293,
            "min": 0.13336614767710367,
            "max": 78.75204027582097,
            "count": 487
        },
        "CarAgent.Environment.EpisodeLength.mean": {
            "value": 4999.0,
            "min": 4998.0,
            "max": 4999.0,
            "count": 199
        },
        "CarAgent.Environment.EpisodeLength.sum": {
            "value": 4999.0,
            "min": 4998.0,
            "max": 4999.0,
            "count": 199
        },
        "CarAgent.Environment.CumulativeReward.mean": {
            "value": -1.5,
            "min": -39.0,
            "max": 3.0,
            "count": 199
        },
        "CarAgent.Environment.CumulativeReward.sum": {
            "value": -1.5,
            "min": -39.0,
            "max": 3.0,
            "count": 199
        },
        "CarAgent.Policy.ExtrinsicReward.mean": {
            "value": -1.5,
            "min": -39.0,
            "max": 3.0,
            "count": 199
        },
        "CarAgent.Policy.ExtrinsicReward.sum": {
            "value": -1.5,
            "min": -39.0,
            "max": 3.0,
            "count": 199
        },
        "CarAgent.Policy.GailReward.mean": {
            "value": 538.3603453040123,
            "min": 254.5780926346779,
            "max": 1989.7777314186096,
            "count": 199
        },
        "CarAgent.Policy.GailReward.sum": {
            "value": 538.3603453040123,
            "min": 254.5780926346779,
            "max": 1989.7777314186096,
            "count": 199
        }
    },
    "metadata": {
        "timer_format_version": "0.1.0",
        "start_time_seconds": "1686525870",
        "python_version": "3.8.16 (default, Mar  2 2023, 03:18:16) [MSC v.1916 64 bit (AMD64)]",
        "command_line_arguments": "C:\\Users\\tibov\\anaconda3\\Scripts\\mlagents-learn config/CarAgent.yaml --run-id=CarAgent_imitation --force",
        "mlagents_version": "0.29.0",
        "mlagents_envs_version": "0.29.0",
        "communication_protocol_version": "1.5.0",
        "pytorch_version": "1.7.1+cu110",
        "numpy_version": "1.21.2",
        "end_time_seconds": "1686536426"
    },
    "total": 10554.5012859,
    "count": 1,
    "self": 0.013739599999098573,