{
    "name": "root",
    "gauges": {
        "CarAgent.Policy.Entropy.mean": {
            "value": 1.4212476015090942,
            "min": 1.4189382791519165,
            "max": 1.4212476015090942,
            "count": 2
        },
        "CarAgent.Policy.Entropy.sum": {
            "value": 2814.0703125,
            "min": 2814.0703125,
            "max": 2901.728759765625,
            "count": 2
        },
        "CarAgent.Step.mean": {
            "value": 3961.0,
            "min": 1997.0,
            "max": 3961.0,
            "count": 2
        },
        "CarAgent.Step.sum": {
            "value": 3961.0,
            "min": 1997.0,
            "max": 3961.0,
            "count": 2
        },
        "CarAgent.Policy.ExtrinsicValueEstimate.mean": {
            "value": 1.00258207321167,
            "min": 1.00258207321167,
            "max": 1.101835012435913,
            "count": 2
        },
        "CarAgent.Policy.ExtrinsicValueEstimate.sum": {
            "value": 32.08262634277344,
            "min": 32.08262634277344,
            "max": 35.25872039794922,
            "count": 2
        },
        "CarAgent.Environment.EpisodeLength.mean": {
            "value": 29.0,
            "min": 29.0,
            "max": 680.6666666666666,
            "count": 2
        },
        "CarAgent.Environment.EpisodeLength.sum": {
            "value": 58.0,
            "min": 58.0,
            "max": 2042.0,
            "count": 2
        },
        "CarAgent.Environment.CumulativeReward.mean": {
            "value": -0.20000000298023224,
            "min": -0.20000000298023224,
            "max": -0.20000000298023224,
            "count": 2
        },
        "CarAgent.Environment.CumulativeReward.sum": {
            "value": -0.6000000089406967,
            "min": -0.6000000089406967,
            "max": -0.4000000059604645,
            "count": 2
        },
        "CarAgent.Policy.ExtrinsicReward.mean": {
            "value": -0.20000000298023224,
            "min": -0.20000000298023224,
            "max": -0.20000000298023224,
            "count": 2
        },
        "CarAgent.Policy.ExtrinsicReward.sum": {
            "value": -0.6000000089406967,
            "min": -0.6000000089406967,
            "max": -0.4000000059604645,
            "count": 2
        },
        "CarAgent.IsTraining.mean": {
            "value": 1.0,
            "min": 1.0,
            "max": 1.0,
            "count": 2
        },
        "CarAgent.IsTraining.sum": {
            "value": 1.0,
            "min": 1.0,
            "max": 1.0,
            "count": 2
        },
        "CarAgent.Losses.PolicyLoss.mean": {
            "value": 0.14277076112727324,
            "min": 0.14277076112727324,
            "max": 0.14277076112727324,
            "count": 1
        },
        "CarAgent.Losses.PolicyLoss.sum": {
            "value": 0.14277076112727324,
            "min": 0.14277076112727324,
            "max": 0.14277076112727324,
            "count": 1
        },
        "CarAgent.Losses.ValueLoss.mean": {
            "value": 7.924126882519987,
            "min": 7.924126882519987,
            "max": 7.924126882519987,
            "count": 1
        },
        "CarAgent.Losses.ValueLoss.sum": {
            "value": 7.924126882519987,
            "min": 7.924126882519987,
            "max": 7.924126882519987,
            "count": 1
        },
        "CarAgent.Policy.LearningRate.mean": {
            "value": 0.0002993865002045,
            "min": 0.0002993865002045,
            "max": 0.0002993865002045,
            "count": 1
        },
        "CarAgent.Policy.LearningRate.sum": {
            "value": 0.0002993865002045,
            "min": 0.0002993865002045,
            "max": 0.0002993865002045,
            "count": 1
        },
        "CarAgent.Policy.Epsilon.mean": {
            "value": 0.19979550000000007,
            "min": 0.19979550000000007,
            "max": 0.19979550000000007,
            "count": 1
        },
        "CarAgent.Policy.Epsilon.sum": {
            "value": 0.19979550000000007,
            "min": 0.19979550000000007,
            "max": 0.19979550000000007,
            "count": 1
        },
        "CarAgent.Policy.Beta.mean": {
            "value": 0.0005,
            "min": 0.0005,
            "max": 0.0005,
            "count": 1
        },
        "CarAgent.Policy.Beta.sum": {
            "value": 0.0005,
            "min": 0.0005,
            "max": 0.0005,
            "count": 1
        }
    },
    "metadata": {
        "timer_format_version": "0.1.0",
        "start_time_seconds": "1686266482",
        "python_version": "3.8.16 (default, Mar  2 2023, 03:18:16) [MSC v.1916 64 bit (AMD64)]",
        "command_line_arguments": "C:\\Users\\tibov\\anaconda3\\Scripts\\mlagents-learn config/CarAgent.yaml --run-id=CarAgent --force",
        "mlagents_version": "0.29.0",
        "mlagents_envs_version": "0.29.0",
        "communication_protocol_version": "1.5.0",
        "pytorch_version": "1.7.1+cu110",
        "numpy_version": "1.21.2",
        "end_time_seconds": "1686266564"
    },
    "total": 81.88457389999999,
    "count": 1,
    "self": 0.005868599999985236,
    "children": {
        "run_training.setup": {
            "total": 0.1418109999999999,
            "count": 1,
            "self": 0.1418109999999999
        },
        "TrainerController.start_learning": {
            "total": 81.7368943,
            "count": 1,
            "self": 0.08245470000011323,
            "children": {
                "TrainerController._reset_env": {
                    "total": 15.078785199999999,
                    "count": 1,
                    "self": 15.078785199999999
                },
                "TrainerController.advance": {
                    "total": 66.4732482999999,
                    "count": 4074,
                    "self": 0.07564910000012048,
                    "children": {
                        "env_step": {
                            "total": 64.94630609999965,
                            "count": 4074,
                            "self": 48.25608800000016,
                            "children": {
                                "SubprocessEnvManager._take_step": {
                                    "total": 16.63723099999991,
                                    "count": 4074,
                                    "self": 0.21203840000007546,
                                    "children": {
                                        "TorchPolicy.evaluate": {
                                            "total": 16.425192599999836,
                                            "count": 4069,
                                            "self": 6.802082399999922,
                                            "children": {
                                                "TorchPolicy.sample_actions": {
                                                    "total": 9.623110199999914,
                                                    "count": 4069,
                                                    "self": 9.623110199999914
                                                }
                                            }
                                        }
                                    }
                                },
                                "workers": {
                                    "total": 0.05298709999956941,
                                    "count": 4073,
                                    "self": 0.0,
                                    "children": {
                                        "worker_root": {
                                            "total": 63.767824299999994,
                                            "count": 4073,