{
    "name": "root",
    "gauges": {
        "CarAgent.Policy.Entropy.mean": {
            "value": 0.797903835773468,
            "min": 0.797903835773468,
            "max": 1.4189382791519165,
            "count": 7
        },
        "CarAgent.Policy.Entropy.sum": {
            "value": 1623.7342529296875,
            "min": 1623.7342529296875,
            "max": 2905.985595703125,
            "count": 7
        },
        "CarAgent.Step.mean": {
            "value": 13991.0,
            "min": 1999.0,
            "max": 13991.0,
            "count": 7
        },
        "CarAgent.Step.sum": {
            "value": 13991.0,
            "min": 1999.0,
            "max": 13991.0,
            "count": 7
        },
        "CarAgent.Policy.ExtrinsicValueEstimate.mean": {
            "value": -1.3751916885375977,
            "min": -43.43344497680664,
            "max": -1.3751916885375977,
            "count": 7
        },
        "CarAgent.Policy.ExtrinsicValueEstimate.sum": {
            "value": -49.506900787353516,
            "min": -1911.071533203125,
            "max": -49.506900787353516,
            "count": 7
        },
        "CarAgent.Policy.GailValueEstimate.mean": {
            "value": 28.7178955078125,
            "min": -55.70314025878906,
            "max": 31.07044792175293,
            "count": 7
        },
        "CarAgent.Policy.GailValueEstimate.sum": {
            "value": 1033.84423828125,
            "min": -2450.938232421875,
            "max": 1087.4656982421875,
            "count": 7
        },
        "CarAgent.Environment.EpisodeLength.mean": {
            "value": 215.3,
            "min": 55.888888888888886,
            "max": 215.3,
            "count": 7
        },
        "CarAgent.Environment.EpisodeLength.sum": {
            "value": 2153.0,
            "min": 1826.0,
            "max": 2153.0,
            "count": 7
        },
        "CarAgent.Environment.CumulativeReward.mean": {
            "value": -0.18484848737716675,
            "min": -0.1863636389374733,
            "max": -0.18484848737716675,
            "count": 7
        },
        "CarAgent.Environment.CumulativeReward.sum": {
            "value": -1.6636363863945007,
            "min": -6.469697058200836,
            "max": -1.6636363863945007,
            "count": 7
        },
        "CarAgent.Policy.ExtrinsicReward.mean": {
            "value": -0.18484848737716675,
            "min": -0.1863636389374733,
            "max": -0.18484848737716675,
            "count": 7
        },
        "CarAgent.Policy.ExtrinsicReward.sum": {
            "value": -1.6636363863945007,
            "min": -6.469697058200836,
            "max": -1.6636363863945007,
            "count": 7
        },
        "CarAgent.Policy.GailReward.mean": {
            "value": 90.5049599011739,
            "min": 80.55613594055175,
            "max": 141.13852776421442,
            "count": 7
        },
        "CarAgent.Policy.GailReward.sum": {
            "value": 814.5446391105652,
            "min": 805.5613594055176,
            "max": 3270.415030479431,
            "count": 7
        },
        "CarAgent.IsTraining.mean": {
            "value": 1.0,
            "min": 1.0,
            "max": 1.0,
            "count": 7
        },
        "CarAgent.IsTraining.sum": {
            "value": 1.0,
            "min": 1.0,
            "max": 1.0,
            "count": 7
        },
        "CarAgent.Losses.PolicyLoss.mean": {
            "value": 0.08175535377813503,
            "min": 0.06926072701397869,
            "max": 0.0928102543305916,
            "count": 6
        },
        "CarAgent.Losses.PolicyLoss.sum": {
            "value": 0.08175535377813503,
            "min": 0.06926072701397869,
            "max": 0.0928102543305916,
            "count": 6
        },
        "CarAgent.Losses.ValueLoss.mean": {
            "value": 21.578360001246136,
            "min": 19.397064675225153,
            "max": 499.7289460500081,
            "count": 6
        },
        "CarAgent.Losses.ValueLoss.sum": {
            "value": 21.578360001246136,
            "min": 19.397064675225153,
            "max": 499.7289460500081,
            "count": 6
        },
        "CarAgent.Policy.LearningRate.mean": {
            "value": 0.0002963394012202,
            "min": 0.0002963394012202,
            "max": 0.00029938560020479997,
            "count": 6
        },
        "CarAgent.Policy.LearningRate.sum": {
            "value": 0.0002963394012202,
            "min": 0.0002963394012202,
            "max": 0.00029938560020479997,
            "count": 6
        },
        "CarAgent.Policy.Epsilon.mean": {
            "value": 0.19877980000000003,
            "min": 0.19877980000000003,
            "max": 0.19979520000000003,
            "count": 6
        },
        "CarAgent.Policy.Epsilon.sum": {
            "value": 0.19877980000000003,
            "min": 0.19877980000000003,
            "max": 0.19979520000000003,
            "count": 6
        },
        "CarAgent.Policy.Beta.mean": {
            "value": 0.0005,
            "min": 0.0005,
            "max": 0.0005,
            "count": 6
        },
        "CarAgent.Policy.Beta.sum": {
            "value": 0.0005,
            "min": 0.0005,
            "max": 0.0005,
            "count": 6
        },
        "CarAgent.Policy.GAILPolicyEstimate.mean": {
            "value": 0.3529619388282299,
            "min": 0.3529619388282299,
            "max": 0.431926186196506,
            "count": 6
        },
        "CarAgent.Policy.GAILPolicyEstimate.sum": {
            "value": 0.3529619388282299,
            "min": 0.3529619388282299,
            "max": 0.431926186196506,
            "count": 6
        },
        "CarAgent.Policy.GAILExpertEstimate.mean": {
            "value": 0.6363917974134287,
            "min": 0.5485335877165198,
            "max": 0.6363917974134287,
            "count": 6
        },
        "CarAgent.Policy.GAILExpertEstimate.sum": {
            "value": 0.6363917974134287,
            "min": 0.5485335877165198,
            "max": 0.6363917974134287,
            "count": 6
        },
        "CarAgent.Losses.GAILLoss.mean": {
            "value": 0.9625538140535355,
            "min": 0.9625538140535355,
            "max": 1.3934745863080025,
            "count": 6
        },
        "CarAgent.Losses.GAILLoss.sum": {
            "value": 0.9625538140535355,
            "min": 0.9625538140535355,
            "max": 1.3934745863080025,
            "count": 6
        },
        "CarAgent.Policy.GAILGradMagLoss.mean": {
            "value": 0.5897799904147784,
            "min": 0.5897799904147784,
            "max": 9.139666199684143,
            "count": 6
        },
        "CarAgent.Policy.GAILGradMagLoss.sum": {
            "value": 0.5897799904147784,
            "min": 0.5897799904147784,
            "max": 9.139666199684143,
            "count": 6
        },
        "CarAgent.Losses.PretrainingLoss.mean": {
            "value": 0.45520644010022315,
            "min": 0.45520644010022315,
            "max": 1.2283314415831972,
            "count": 6
        },
        "CarAgent.Losses.PretrainingLoss.sum": {
            "value": 0.45520644010022315,
            "min": 0.45520644010022315,
            "max": 1.2283314415831972,
            "count": 6
        }
    },
    "metadata": {
        "timer_format_version": "0.1.0",
        "start_time_seconds": "1686523398",
        "python_version": "3.9.1 (tags/v3.9.1:1e5d33e, Dec  7 2020, 17:08:21) [MSC v.1927 64 bit (AMD64)]",
        "command_line_arguments": "C:\\Users\\saulb\\AppData\\Local\\Programs\\Python\\Python39\\Scripts\\mlagents-learn config/CarAgent.yaml --run-id=CarAgent --force",