{
    "name": "root",
    "gauges": {
        "CarAgent.Policy.Entropy.mean": {
            "value": -1.1608877182006836,
            "min": -1.1608877182006836,
            "max": 1.4189382791519165,
            "count": 180
        },
        "CarAgent.Policy.Entropy.sum": {
            "value": -2296.23583984375,
            "min": -2350.15283203125,
            "max": 2842.13330078125,
            "count": 180
        },
        "CarAgent.Step.mean": {
            "value": 359970.0,
            "min": 1949.0,
            "max": 359970.0,
            "count": 180
        },
        "CarAgent.Step.sum": {
            "value": 359970.0,
            "min": 1949.0,
            "max": 359970.0,
            "count": 180
        },
        "CarAgent.Policy.ExtrinsicValueEstimate.mean": {
            "value": 12.359980583190918,
            "min": -3.6801939010620117,
            "max": 36.398765563964844,
            "count": 180
        },
        "CarAgent.Policy.ExtrinsicValueEstimate.sum": {
            "value": 383.1593933105469,
            "min": -125.12659454345703,
            "max": 1164.760498046875,
            "count": 180
        },
        "CarAgent.Policy.GailValueEstimate.mean": {
            "value": -59.94829559326172,
            "min": -139.26971435546875,
            "max": 206.44683837890625,
            "count": 180
        },
        "CarAgent.Policy.GailValueEstimate.sum": {
            "value": -1858.397216796875,
            "min": -4456.630859375,
            "max": 7019.1923828125,
            "count": 180
        },
        "CarAgent.Environment.EpisodeLength.mean": {
            "value": 632.0,
            "min": 181.0909090909091,
            "max": 4489.0,
            "count": 147
        },
        "CarAgent.Environment.EpisodeLength.sum": {
            "value": 632.0,
            "min": 632.0,
            "max": 4489.0,
            "count": 147
        },
        "CarAgent.Environment.CumulativeReward.mean": {
            "value": -2.2499988079071045,
            "min": -29.929999077320097,
            "max": 37.5,
            "count": 147
        },
        "CarAgent.Environment.CumulativeReward.sum": {
            "value": -2.2499988079071045,
            "min": -299.299990773201,
            "max": 75.0,
            "count": 147
        },
        "CarAgent.Policy.ExtrinsicReward.mean": {
            "value": -1.1249994039535522,
            "min": -14.964999538660049,
            "max": 18.75,
            "count": 147
        },
        "CarAgent.Policy.ExtrinsicReward.sum": {
            "value": -1.1249994039535522,
            "min": -149.6499953866005,
            "max": 37.5,
            "count": 147
        },
        "CarAgent.Policy.GailReward.mean": {
            "value": 3997.4526600837708,
            "min": 61.278354585170746,
            "max": 4601.582272410393,
            "count": 147
        },
        "CarAgent.Policy.GailReward.sum": {
            "value": 3997.4526600837708,
            "min": 278.66497457027435,
            "max": 22724.78271484375,
            "count": 147
        },
        "CarAgent.IsTraining.mean": {
            "value": 1.0,
            "min": 1.0,
            "max": 1.0,
            "count": 180
        },
        "CarAgent.IsTraining.sum": {
            "value": 1.0,
            "min": 1.0,
            "max": 1.0,
            "count": 180
        },
        "CarAgent.Losses.PolicyLoss.mean": {
            "value": 0.35359180563439924,
            "min": 0.04858435043133795,
            "max": 0.35359180563439924,
            "count": 176
        },
        "CarAgent.Losses.PolicyLoss.sum": {
            "value": 0.35359180563439924,
            "min": 0.04858435043133795,
            "max": 0.35359180563439924,
            "count": 176
        },
        "CarAgent.Losses.ValueLoss.mean": {
            "value": 5517.501551310222,
            "min": 0.34255166196574766,
            "max": 20005.796766493055,
            "count": 176
        },
        "CarAgent.Losses.ValueLoss.sum": {
            "value": 5517.501551310222,
            "min": 0.34255166196574766,
            "max": 20005.796766493055,
            "count": 176
        },
        "CarAgent.Policy.LearningRate.mean": {
            "value": 8.512747162419998e-05,
            "min": 8.512747162419998e-05,
            "max": 0.0002987982004006,
            "count": 176
        },
        "CarAgent.Policy.LearningRate.sum": {
            "value": 8.512747162419998e-05,
            "min": 8.512747162419998e-05,
            "max": 0.0002987982004006,
            "count": 176
        },
        "CarAgent.Policy.Epsilon.mean": {
            "value": 0.1283758,
            "min": 0.1283758,
            "max": 0.19959940000000004,
            "count": 176
        },
        "CarAgent.Policy.Epsilon.sum": {
            "value": 0.1283758,
            "min": 0.1283758,
            "max": 0.19959940000000004,
            "count": 176
        },
        "CarAgent.Policy.Beta.mean": {
            "value": 0.0005,
            "min": 0.0005,
            "max": 0.0005,
            "count": 176
        },
        "CarAgent.Policy.Beta.sum": {
            "value": 0.0005,
            "min": 0.0005,
            "max": 0.0005,
            "count": 176
        },
        "CarAgent.Policy.GAILPolicyEstimate.mean": {
            "value": 0.1409961700749894,
            "min": 0.04755143541842699,
            "max": 0.4358780889875359,
            "count": 176
        },
        "CarAgent.Policy.GAILPolicyEstimate.sum": {
            "value": 0.1409961700749894,
            "min": 0.04755143541842699,
            "max": 0.4358780889875359,
            "count": 176
        },
        "CarAgent.Policy.GAILExpertEstimate.mean": {
            "value": 0.8097534328699112,
            "min": 0.5762337404820654,
            "max": 0.9016153079768022,
            "count": 176
        },
        "CarAgent.Policy.GAILExpertEstimate.sum": {
            "value": 0.8097534328699112,
            "min": 0.5762337404820654,
            "max": 0.9016153079768022,
            "count": 176
        },
        "CarAgent.Losses.GAILLoss.mean": {
            "value": 0.443082341303428,
            "min": 0.1835847074786822,
            "max": 2.406374218728807,
            "count": 176
        },
        "CarAgent.Losses.GAILLoss.sum": {
            "value": 0.443082341303428,
            "min": 0.1835847074786822,
            "max": 2.406374218728807,
            "count": 176
        },
        "CarAgent.Policy.GAILGradMagLoss.mean": {
            "value": 1.9167395569384098,
            "min": 0.06234706589020789,
            "max": 9.39089404212104,
            "count": 176
        },
        "CarAgent.Policy.GAILGradMagLoss.sum": {
            "value": 1.9167395569384098,
            "min": 0.06234706589020789,
            "max": 9.39089404212104,
            "count": 176
        },
        "CarAgent.Losses.PretrainingLoss.mean": {
            "value": 0.07441423773423009,
            "min": 0.07240678395690589,
            "max": 5.866768875341306,
            "count": 176
        },
        "CarAgent.Losses.PretrainingLoss.sum": {
            "value": 0.07441423773423009,
            "min": 0.07240678395690589,
            "max": 5.866768875341306,
            "count": 176
        }
    },
    "metadata": {
        "timer_format_version": "0.1.0",
        "start_time_seconds": "1686869047",
        "python_version": "3.8.16 (default, Mar  2 2023, 03:18:16) [MSC v.1916 64 bit (AMD64)]",
        "command_line_arguments": "C:\\Users\\tibov\\anaconda3\\Scripts\\mlagents-learn config/CarAgent.yaml --run-id=CarAgent --force",
        "mlagents_version": "0.29.0",
        "mlagents_envs_version": "0.29.0",