{
    "name": "root",
    "gauges": {
        "CarAgent.Policy.Entropy.mean": {
            "value": -0.01680339127779007,
            "min": -0.01680339127779007,
            "max": 1.4189382791519165,
            "count": 19
        },
        "CarAgent.Policy.Entropy.sum": {
            "value": -34.41334533691406,
            "min": -34.41334533691406,
            "max": 2905.985595703125,
            "count": 19
        },
        "CarAgent.Step.mean": {
            "value": 37987.0,
            "min": 1984.0,
            "max": 37987.0,
            "count": 19
        },
        "CarAgent.Step.sum": {
            "value": 37987.0,
            "min": 1984.0,
            "max": 37987.0,
            "count": 19
        },
        "CarAgent.Policy.ExtrinsicValueEstimate.mean": {
            "value": 0.5802658200263977,
            "min": -0.6520208120346069,
            "max": 23.065622329711914,
            "count": 19
        },
        "CarAgent.Policy.ExtrinsicValueEstimate.sum": {
            "value": 18.568506240844727,
            "min": -20.212644577026367,
            "max": 715.0343017578125,
            "count": 19
        },
        "CarAgent.Policy.GailValueEstimate.mean": {
            "value": 9.024301528930664,
            "min": 1.4603254795074463,
            "max": 27.04690933227539,
            "count": 19
        },
        "CarAgent.Policy.GailValueEstimate.sum": {
            "value": 288.77764892578125,
            "min": 46.73041534423828,
            "max": 838.4541625976562,
            "count": 19
        },
        "CarAgent.IsTraining.mean": {
            "value": 1.0,
            "min": 1.0,
            "max": 1.0,
            "count": 19
        },
        "CarAgent.IsTraining.sum": {
            "value": 1.0,
            "min": 1.0,
            "max": 1.0,
            "count": 19
        },
        "CarAgent.Losses.PolicyLoss.mean": {
            "value": 0.06529841288768996,
            "min": 0.05889490412341224,
            "max": 0.1051187571332169,
            "count": 18
        },
        "CarAgent.Losses.PolicyLoss.sum": {
            "value": 0.06529841288768996,
            "min": 0.05889490412341224,
            "max": 0.1051187571332169,
            "count": 18
        },
        "CarAgent.Losses.ValueLoss.mean": {
            "value": 10.751136968533197,
            "min": 0.0730260241155823,
            "max": 41.45891284942627,
            "count": 18
        },
        "CarAgent.Losses.ValueLoss.sum": {
            "value": 10.751136968533197,
            "min": 0.0730260241155823,
            "max": 41.45891284942627,
            "count": 18
        },
        "CarAgent.Policy.LearningRate.mean": {
            "value": 0.00028896870367709995,
            "min": 0.00028896870367709995,
            "max": 0.00029938560020479997,
            "count": 18
        },
        "CarAgent.Policy.LearningRate.sum": {
            "value": 0.00028896870367709995,
            "min": 0.00028896870367709995,
            "max": 0.00029938560020479997,
            "count": 18
        },
        "CarAgent.Policy.Epsilon.mean": {
            "value": 0.1963229,
            "min": 0.1963229,
            "max": 0.19979520000000003,
            "count": 18
        },
        "CarAgent.Policy.Epsilon.sum": {
            "value": 0.1963229,
            "min": 0.1963229,
            "max": 0.19979520000000003,
            "count": 18
        },
        "CarAgent.Policy.Beta.mean": {
            "value": 0.0005,
            "min": 0.0005,
            "max": 0.0005,
            "count": 18
        },
        "CarAgent.Policy.Beta.sum": {
            "value": 0.0005,
            "min": 0.0005,
            "max": 0.0005,
            "count": 18
        },
        "CarAgent.Policy.GAILPolicyEstimate.mean": {
            "value": 0.22665352125962576,
            "min": 0.1514732480670015,
            "max": 0.4554303957356347,
            "count": 18
        },
        "CarAgent.Policy.GAILPolicyEstimate.sum": {
            "value": 0.22665352125962576,
            "min": 0.1514732480670015,
            "max": 0.4554303957356347,
            "count": 18
        },
        "CarAgent.Policy.GAILExpertEstimate.mean": {
            "value": 0.7391353597243627,
            "min": 0.5664443449980657,
            "max": 0.8361442784468333,
            "count": 18
        },
        "CarAgent.Policy.GAILExpertEstimate.sum": {
            "value": 0.7391353597243627,
            "min": 0.5664443449980657,
            "max": 0.8361442784468333,
            "count": 18
        },
        "CarAgent.Losses.GAILLoss.mean": {
            "value": 0.6009463568528494,
            "min": 0.362235917399327,
            "max": 1.4449937070409458,
            "count": 18
        },
        "CarAgent.Losses.GAILLoss.sum": {
            "value": 0.6009463568528494,
            "min": 0.362235917399327,
            "max": 1.4449937070409458,
            "count": 18
        },
        "CarAgent.Policy.GAILGradMagLoss.mean": {
            "value": 0.23074807971715927,
            "min": 0.16505992164214453,
            "max": 9.207023958365122,
            "count": 18
        },
        "CarAgent.Policy.GAILGradMagLoss.sum": {
            "value": 0.23074807971715927,
            "min": 0.16505992164214453,
            "max": 9.207023958365122,
            "count": 18
        },
        "CarAgent.Losses.PretrainingLoss.mean": {
            "value": 0.18298244891862725,
            "min": 0.18298244891862725,
            "max": 2.2542458088309676,
            "count": 18
        },
        "CarAgent.Losses.PretrainingLoss.sum": {
            "value": 0.18298244891862725,
            "min": 0.18298244891862725,
            "max": 2.2542458088309676,
            "count": 18
        },
        "CarAgent.Environment.EpisodeLength.mean": {
            "value": 9291.0,
            "min": 1367.0,
            "max": 9291.0,
            "count": 5
        },
        "CarAgent.Environment.EpisodeLength.sum": {
            "value": 9291.0,
            "min": 1367.0,
            "max": 9291.0,
            "count": 5
        },
        "CarAgent.Environment.CumulativeReward.mean": {
            "value": -0.04848484694957733,
            "min": -0.18484848737716675,
            "max": 0.027272731065750122,
            "count": 5
        },
        "CarAgent.Environment.CumulativeReward.sum": {
            "value": -0.04848484694957733,
            "min": -0.18484848737716675,
            "max": 0.027272731065750122,
            "count": 5
        },
        "CarAgent.Policy.ExtrinsicReward.mean": {
            "value": -0.04848484694957733,
            "min": -0.18484848737716675,
            "max": 0.027272731065750122,
            "count": 5
        },
        "CarAgent.Policy.ExtrinsicReward.sum": {
            "value": -0.04848484694957733,
            "min": -0.18484848737716675,
            "max": 0.027272731065750122,
            "count": 5
        },
        "CarAgent.Policy.GailReward.mean": {
            "value": 3681.707970917225,
            "min": 632.4975994974375,
            "max": 3681.707970917225,
            "count": 5
        },
        "CarAgent.Policy.GailReward.sum": {
            "value": 3681.707970917225,
            "min": 632.4975994974375,
            "max": 4577.947884559631,
            "count": 5
        }
    },
    "metadata": {
        "timer_format_version": "0.1.0",
        "start_time_seconds": "1686733961",
        "python_version": "3.9.1 (tags/v3.9.1:1e5d33e, Dec  7 2020, 17:08:21) [MSC v.1927 64 bit (AMD64)]",
        "command_line_arguments": "C:\\Users\\saulb\\AppData\\Local\\Programs\\Python\\Python39\\Scripts\\mlagents-learn config/CarAgent.yaml --run-id=CarAgent --force",