{
    "name": "root",
    "gauges": {
        "CarAgent.Policy.Entropy.mean": {
            "value": 1.2663770914077759,
            "min": 1.2663770914077759,
            "max": 1.373932957649231,
            "count": 2
        },
        "CarAgent.Policy.Entropy.sum": {
            "value": 12685.2998046875,
            "min": 12685.2998046875,
            "max": 13781.921875,
            "count": 2
        },
        "CarAgent.Step.mean": {
            "value": 19984.0,
            "min": 9967.0,
            "max": 19984.0,
            "count": 2
        },
        "CarAgent.Step.sum": {
            "value": 19984.0,
            "min": 9967.0,
            "max": 19984.0,
            "count": 2
        },
        "CarAgent.Policy.ExtrinsicValueEstimate.mean": {
            "value": -4.050870895385742,
            "min": -4.050870895385742,
            "max": 17.455142974853516,
            "count": 2
        },
        "CarAgent.Policy.ExtrinsicValueEstimate.sum": {
            "value": -818.27587890625,
            "min": -818.27587890625,
            "max": 3264.11181640625,
            "count": 2
        },
        "CarAgent.Policy.GailValueEstimate.mean": {
            "value": 14.907488822937012,
            "min": -38.488929748535156,
            "max": 14.907488822937012,
            "count": 2
        },
        "CarAgent.Policy.GailValueEstimate.sum": {
            "value": 3011.312744140625,
            "min": -7197.43017578125,
            "max": 3011.312744140625,
            "count": 2
        },
        "CarAgent.Losses.PolicyLoss.mean": {
            "value": 0.07038193987294411,
            "min": 0.07038193987294411,
            "max": 0.12516434195858891,
            "count": 2
        },
        "CarAgent.Losses.PolicyLoss.sum": {
            "value": 0.35190969936472055,
            "min": 0.35190969936472055,
            "max": 0.5006573678343557,
            "count": 2
        },
        "CarAgent.Losses.ValueLoss.mean": {
            "value": 36.89171286265055,
            "min": 36.89171286265055,
            "max": 99.95898245308135,
            "count": 2
        },
        "CarAgent.Losses.ValueLoss.sum": {
            "value": 184.45856431325277,
            "min": 184.45856431325277,
            "max": 399.8359298123254,
            "count": 2
        },
        "CarAgent.Policy.LearningRate.mean": {
            "value": 0.00029575260141579996,
            "min": 0.00029575260141579996,
            "max": 0.00029848125050625,
            "count": 2
        },
        "CarAgent.Policy.LearningRate.sum": {
            "value": 0.0014787630070789998,
            "min": 0.001193925002025,
            "max": 0.0014787630070789998,
            "count": 2
        },
        "CarAgent.Policy.Epsilon.mean": {
            "value": 0.19858419999999996,
            "min": 0.19858419999999996,
            "max": 0.19949374999999997,
            "count": 2
        },
        "CarAgent.Policy.Epsilon.sum": {
            "value": 0.9929209999999998,
            "min": 0.7979749999999999,
            "max": 0.9929209999999998,
            "count": 2
        },
        "CarAgent.Policy.Beta.mean": {
            "value": 0.0005,
            "min": 0.0005,
            "max": 0.0005,
            "count": 2
        },
        "CarAgent.Policy.Beta.sum": {
            "value": 0.0025,
            "min": 0.002,
            "max": 0.0025,
            "count": 2
        },
        "CarAgent.Policy.GAILPolicyEstimate.mean": {
            "value": 0.33747820105817583,
            "min": 0.33747820105817583,
            "max": 0.3661322099883667,
            "count": 2
        },
        "CarAgent.Policy.GAILPolicyEstimate.sum": {
            "value": 1.6873910052908792,
            "min": 1.4645288399534668,
            "max": 1.6873910052908792,
            "count": 2
        },
        "CarAgent.Policy.GAILExpertEstimate.mean": {
            "value": 0.6663514881663852,
            "min": 0.6005071601079787,
            "max": 0.6663514881663852,
            "count": 2
        },
        "CarAgent.Policy.GAILExpertEstimate.sum": {
            "value": 3.331757440831926,
            "min": 2.4020286404319147,
            "max": 3.331757440831926,
            "count": 2
        },
        "CarAgent.Losses.GAILLoss.mean": {
            "value": 0.9131718089845444,
            "min": 0.9131718089845444,
            "max": 1.155902341256539,
            "count": 2
        },
        "CarAgent.Losses.GAILLoss.sum": {
            "value": 4.565859044922722,
            "min": 4.565859044922722,
            "max": 4.623609365026156,
            "count": 2
        },
        "CarAgent.Policy.GAILGradMagLoss.mean": {
            "value": 1.8594733119010924,
            "min": 1.8594733119010924,
            "max": 7.985653613673316,
            "count": 2
        },
        "CarAgent.Policy.GAILGradMagLoss.sum": {
            "value": 9.297366559505463,
            "min": 9.297366559505463,
            "max": 31.942614454693263,
            "count": 2
        },
        "CarAgent.Losses.PretrainingLoss.mean": {
            "value": 0.8607915838559468,
            "min": 0.8607915838559468,
            "max": 1.260743697655612,
            "count": 2
        },
        "CarAgent.Losses.PretrainingLoss.sum": {
            "value": 4.303957919279734,
            "min": 4.303957919279734,
            "max": 5.042974790622448,
            "count": 2
        },
        "CarAgent.Environment.EpisodeLength.mean": {
            "value": 129.92207792207793,
            "min": 129.92207792207793,
            "max": 179.05454545454546,
            "count": 2
        },
        "CarAgent.Environment.EpisodeLength.sum": {
            "value": 10004.0,
            "min": 9848.0,
            "max": 10004.0,
            "count": 2
        },
        "CarAgent.Environment.CumulativeReward.mean": {
            "value": -27.82532515473567,
            "min": -27.82532515473567,
            "max": -27.69909123724157,
            "count": 2
        },
        "CarAgent.Environment.CumulativeReward.sum": {
            "value": -2142.5500369146466,
            "min": -2142.5500369146466,
            "max": -1523.4500180482864,
            "count": 2
        },
        "CarAgent.Policy.ExtrinsicReward.mean": {
            "value": -13.912662577367835,
            "min": -13.912662577367835,
            "max": -13.849545618620786,
            "count": 2
        },
        "CarAgent.Policy.ExtrinsicReward.sum": {
            "value": -1071.2750184573233,
            "min": -1071.2750184573233,
            "max": -761.7250090241432,
            "count": 2
        },
        "CarAgent.Policy.GailReward.mean": {
            "value": 53.35217937149785,
            "min": 53.35217937149785,
            "max": 56.91734475760975,
            "count": 2
        },
        "CarAgent.Policy.GailReward.sum": {
            "value": 4108.117811605334,
            "min": 3130.453961668536,
            "max": 4108.117811605334,
            "count": 2
        },
        "CarAgent.IsTraining.mean": {
            "value": 1.0,
            "min": 1.0,
            "max": 1.0,
            "count": 2
        },
        "CarAgent.IsTraining.sum": {
            "value": 1.0,
            "min": 1.0,
            "max": 1.0,
            "count": 2
        }
    },
    "metadata": {
        "timer_format_version": "0.1.0",
        "start_time_seconds": "1686734523",
        "python_version": "3.8.16 (default, Mar  2 2023, 03:18:16) [MSC v.1916 64 bit (AMD64)]",
        "command_line_arguments": "C:\\Users\\tibov\\anaconda3\\Scripts\\mlagents-learn config/CarAgent.yaml --run-id=CarAgent --force",
        "mlagents_version": "0.29.0",